timestamp,clouds,price,radiation,solar
2025-11-19T00:00,NA,NA,0.0,NA
2025-11-19T00:15,NA,NA,0.0,0
2025-11-19T00:30,NA,NA,0.0,0
2025-11-19T00:45,NA,NA,0.0,0
2025-11-19T01:00,NA,NA,0.0,NA
2025-11-19T01:15,NA,NA,0.0,0
2025-11-19T01:30,NA,NA,0.0,0
2025-11-19T01:45,NA,NA,0.0,0
2025-11-19T02:00,NA,NA,0.0,0
2025-11-19T02:15,NA,NA,0.0,0
2025-11-19T02:30,NA,NA,0.0,0
2025-11-19T02:45,NA,NA,0.0,0
2025-11-19T03:00,NA,NA,0.0,0
2025-11-19T03:15,NA,NA,0.0,0
2025-11-19T03:30,NA,NA,0.0,0
2025-11-19T03:45,NA,NA,0.0,0
2025-11-19T04:00,NA,NA,0.0,0
2025-11-19T04:15,NA,NA,0.0,0
2025-11-19T04:30,NA,NA,0.0,0
2025-11-19T04:45,NA,NA,0.0,0
2025-11-19T05:00,NA,NA,0.0,0
2025-11-19T05:15,NA,NA,0.0,0
2025-11-19T05:30,NA,NA,0.0,0
2025-11-19T05:45,NA,NA,0.0,0
2025-11-19T06:00,NA,NA,0.0,0
2025-11-19T06:15,NA,NA,0.0,0
2025-11-19T06:30,NA,NA,0.0,0
2025-11-19T06:45,NA,NA,0.0,0
2025-11-19T07:00,NA,NA,0.0,0
2025-11-19T07:15,NA,NA,0.0,0
2025-11-19T07:30,NA,NA,0.0,0
2025-11-19T07:45,NA,NA,0.0,0
2025-11-19T08:00,NA,NA,0.0,0
2025-11-19T08:15,NA,NA,0.0,0
2025-11-19T08:30,NA,NA,0.0,0
2025-11-19T08:45,NA,NA,1.0,0
2025-11-19T09:00,NA,NA,1.0,0
2025-11-19T09:15,NA,NA,0.0,72
2025-11-19T09:30,NA,NA,2.0,228
2025-11-19T09:45,NA,NA,13.0,576
2025-11-19T10:00,NA,NA,36.0,0
2025-11-19T10:15,NA,NA,70.0,1272
2025-11-19T10:30,NA,NA,105.0,972
2025-11-19T10:45,NA,NA,135.0,1272
2025-11-19T11:00,NA,NA,161.0,996
2025-11-19T11:15,NA,NA,182.0,468
2025-11-19T11:30,NA,NA,195.0,408
2025-11-19T11:45,NA,NA,197.0,1464
2025-11-19T12:00,NA,NA,185.0,648
2025-11-19T12:15,NA,NA,163.0,1080
2025-11-19T12:30,NA,NA,137.0,1116
2025-11-19T12:45,NA,NA,112.0,1416
2025-11-19T13:00,NA,NA,81.0,1272
2025-11-19T13:15,NA,NA,50.0,828
2025-11-19T13:30,NA,NA,29.0,984
2025-11-19T13:45,NA,NA,25.0,1032
2025-11-19T14:00,NA,NA,39.0,912
2025-11-19T14:15,NA,NA,58.0,432
2025-11-19T14:30,NA,NA,70.0,396
2025-11-19T14:45,NA,NA,64.0,300
2025-11-19T15:00,NA,NA,46.0,480
2025-11-19T15:15,NA,NA,25.0,336
2025-11-19T15:30,NA,NA,11.0,192
2025-11-19T15:45,NA,NA,7.0,96
2025-11-19T16:00,NA,NA,9.0,264
2025-11-19T16:15,NA,NA,11.0,12
2025-11-19T16:30,NA,NA,9.0,0
2025-11-19T16:45,NA,NA,4.0,0
2025-11-19T17:00,NA,NA,0.0,96
2025-11-19T17:15,NA,NA,0.0,0
2025-11-19T17:30,NA,NA,0.0,0
2025-11-19T17:45,NA,NA,0.0,0
2025-11-19T18:00,NA,NA,0.0,0
2025-11-19T18:15,NA,NA,0.0,0
2025-11-19T18:30,NA,NA,0.0,0
2025-11-19T18:45,NA,NA,0.0,0
2025-11-19T19:00,NA,NA,0.0,0
2025-11-19T19:15,NA,NA,0.0,0
2025-11-19T19:30,NA,NA,0.0,0
2025-11-19T19:45,NA,NA,0.0,0
2025-11-19T20:00,NA,NA,0.0,0
2025-11-19T20:15,NA,NA,0.0,NA
2025-11-19T20:30,2,NA,0.0,0
2025-11-19T20:45,2,NA,0.0,0
2025-11-19T21:00,4,NA,0.0,0
2025-11-19T21:15,4,NA,0.0,0
2025-11-19T21:30,4,NA,0.0,0
2025-11-19T21:45,4,NA,0.0,0
2025-11-19T22:00,7,90.86464285714284,0.0,0
2025-11-19T22:15,7,67.54873333333333,0.0,0
2025-11-19T22:30,NA,81.43073333333334,0.0,0
2025-11-19T22:45,NA,65.21471428571428,0.0,0
2025-11-19T23:00,7,81.79771428571429,0.0,0
2025-11-19T23:15,7,20.52306666666667,0.0,0
2025-11-19T23:30,4,82.54186666666666,0.0,0
2025-11-19T23:45,4,62.50564285714285,0.0,0
2025-11-20T00:00,7,89.1592857142857,0.0,NA
2025-11-20T00:15,7,98.70486666666669,0.0,0
2025-11-20T00:30,7,128.43546666666668,0.0,0
2025-11-20T00:45,7,129.02342857142855,0.0,0
2025-11-20T01:00,NA,228.53521428571432,0.0,NA
2025-11-20T01:15,NA,123.58760000000001,0.0,0
2025-11-20T01:30,7,133.63246666666663,0.0,0
2025-11-20T01:45,7,193.0362857142857,0.0,0
2025-11-20T02:00,NA,112.59114285714284,0.0,0
2025-11-20T02:15,NA,110.23113333333335,0.0,0
2025-11-20T02:30,7,142,0.0,0
2025-11-20T02:45,7,92.71428571428571,0.0,0
2025-11-20T03:00,8,93.86278571428568,0.0,0
2025-11-20T03:15,8,68.31999999999996,0.0,0
2025-11-20T03:30,8,83.3962,0.0,0
2025-11-20T03:45,8,67.7867142857143,0.0,0
2025-11-20T04:00,8,94.36457142857145,0.0,0
2025-11-20T04:15,8,98.98733333333334,0.0,0
2025-11-20T04:30,8,106.32666666666668,0.0,0
2025-11-20T04:45,8,95.6232142857143,0.0,0
2025-11-20T05:00,7,115.85178571428573,0.0,0
2025-11-20T05:15,7,125.15006666666667,0.0,0
2025-11-20T05:30,NA,141.44546666666665,0.0,0
2025-11-20T05:45,NA,73.27214285714285,0.0,0
2025-11-20T06:00,NA,51.45878571428572,0.0,0
2025-11-20T06:15,NA,79.20906666666666,0.0,0
2025-11-20T06:30,NA,121.45633333333333,0.0,0
2025-11-20T06:45,NA,120.05449999999999,0.0,0
2025-11-20T07:00,0,NA,0.0,0
2025-11-20T07:15,0,NA,0.0,0
2025-11-20T07:30,NA,NA,0.0,0
2025-11-20T07:45,NA,NA,0.0,0
2025-11-20T08:00,8,116.42835714285714,0.0,0
2025-11-20T08:15,8,86.12406666666668,0.0,0
2025-11-20T08:30,NA,88.87573333333333,0.0,0
2025-11-20T08:45,NA,75.88328571428572,4.0,0
2025-11-20T09:00,0,62.93685714285715,13.0,0
2025-11-20T09:15,0,36.853,29.0,156
2025-11-20T09:30,7,85.79039999999999,48.0,168
2025-11-20T09:45,7,115,62.0,288
2025-11-20T10:00,8,124.17321428571428,66.0,60
2025-11-20T10:15,8,230.7903333333333,64.0,528
2025-11-20T10:30,NA,196.53626666666668,60.0,552
2025-11-20T10:45,NA,144.23507142857144,61.0,768
2025-11-20T11:00,NA,455.5600000000001,66.0,432
2025-11-20T11:15,NA,178.41253333333333,74.0,672
2025-11-20T11:30,NA,224.8,82.0,840
2025-11-20T11:45,NA,227.28571428571428,88.0,996
2025-11-20T12:00,7,NA,95.0,672
2025-11-20T12:15,7,NA,101.0,672
2025-11-20T12:30,NA,NA,103.0,540
2025-11-20T12:45,NA,NA,98.0,384
2025-11-20T13:00,7,378.7822857142857,86.0,804
2025-11-20T13:15,7,293.40046666666666,71.0,312
2025-11-20T13:30,8,336.8754666666666,56.0,264
2025-11-20T13:45,8,470.64713333333333,44.0,600
2025-11-20T14:00,7,300.8658571428572,30.0,276
2025-11-20T14:15,7,270.40220000000005,19.0,804
2025-11-20T14:30,NA,261.5238,14.0,492
2025-11-20T14:45,NA,250.3190714285714,20.0,36
2025-11-20T15:00,8,499,36.0,984
2025-11-20T15:15,8,487.5516666666666,51.0,192
2025-11-20T15:30,NA,511,58.0,204
2025-11-20T15:45,NA,136.39049999999997,50.0,216
2025-11-20T16:00,8,159.28571428571428,34.0,84
2025-11-20T16:15,8,140.40259999999998,19.0,144
2025-11-20T16:30,7,142.12646666666666,8.0,60
2025-11-20T16:45,7,141.6935714285714,2.0,0
2025-11-20T17:00,7,139.87135714285714,0.0,216
2025-11-20T17:15,7,171.49200000000002,0.0,0
2025-11-20T17:30,NA,245.70839999999998,0.0,0
2025-11-20T17:45,NA,376.7339285714285,0.0,0
2025-11-20T18:00,7,204.04735714285715,0.0,0
2025-11-20T18:15,7,213.3242,0.0,0
2025-11-20T18:30,7,215.69500000000002,0.0,0
2025-11-20T18:45,7,152.85142857142858,0.0,0
2025-11-20T19:00,8,206.78907142857142,0.0,0
2025-11-20T19:15,8,206,0.0,0
2025-11-20T19:30,7,206.35146666666665,0.0,0
2025-11-20T19:45,7,209.3632857142857,0.0,0
2025-11-20T20:00,7,390.99257142857147,0.0,0
2025-11-20T20:15,7,410.0437333333333,0.0,NA
2025-11-20T20:30,8,210,0.0,0
2025-11-20T20:45,8,207,0.0,0
2025-11-20T21:00,8,176.61785714285716,0.0,0
2025-11-20T21:15,8,175.84046666666666,0.0,0
2025-11-20T21:30,8,105.45086666666667,0.0,0
2025-11-20T21:45,8,90.62428571428573,0.0,0
2025-11-20T22:00,7,-31.223571428571432,0.0,0
2025-11-20T22:15,7,93.85220000000001,0.0,0
2025-11-20T22:30,7,134.50746666666666,0.0,0
2025-11-20T22:45,7,151.59171428571426,0.0,0
2025-11-20T23:00,8,396.6755,0.0,NA
2025-11-20T23:15,8,370.20713333333333,0.0,0
2025-11-20T23:30,7,176.09019999999998,0.0,0
2025-11-20T23:45,7,209.91992857142856,0.0,0
2025-11-21T00:00,NA,223.7477142857143,0.0,NA
2025-11-21T00:15,NA,134.15753333333336,0.0,0
2025-11-21T00:30,8,150.69660000000002,0.0,0
2025-11-21T00:45,8,101.90785714285713,0.0,0
2025-11-21T01:00,8,212.72564285714284,0.0,NA
2025-11-21T01:15,8,164.6146,0.0,0
2025-11-21T01:30,8,299.18146666666667,0.0,0
2025-11-21T01:45,8,251.06750000000002,0.0,0
2025-11-21T02:00,NA,232.18057142857143,0.0,0
2025-11-21T02:15,NA,304.098,0.0,0
2025-11-21T02:30,8,218.3364666666666,0.0,0
2025-11-21T02:45,8,155.57657142857144,0.0,0
2025-11-21T03:00,8,331.9402857142857,0.0,0
2025-11-21T03:15,8,331.3373333333332,0.0,0
2025-11-21T03:30,7,286.8178666666667,0.0,0
2025-11-21T03:45,7,136.27035714285714,0.0,0
2025-11-21T04:00,7,507.64871428571433,0.0,0
2025-11-21T04:15,7,212.15633333333332,0.0,0
2025-11-21T04:30,8,102.9646,0.0,0
2025-11-21T04:45,8,35.64078571428571,0.0,0
2025-11-21T05:00,8,63.39057142857143,0.0,0
2025-11-21T05:15,8,112.15586666666667,0.0,0
2025-11-21T05:30,8,79.74173333333333,0.0,0
2025-11-21T05:45,8,108.07178571428574,0.0,0
2025-11-21T06:00,8,70.48964285714287,0.0,0
2025-11-21T06:15,8,125.94606666666665,0.0,0
2025-11-21T06:30,8,109.09186666666666,0.0,0
2025-11-21T06:45,8,151.48964285714285,0.0,0
2025-11-21T07:00,8,182.09999999999994,0.0,0
2025-11-21T07:15,8,146.18713333333335,0.0,0
2025-11-21T07:30,NA,149.53659999999996,0.0,0
2025-11-21T07:45,NA,149.87999999999997,0.0,0
2025-11-21T08:00,NA,135.7738571428571,0.0,0
2025-11-21T08:15,NA,183.09999999999994,0.0,0
2025-11-21T08:30,NA,215.01506666666666,2.0,0
2025-11-21T08:45,NA,309.6267857142857,10.0,0
2025-11-21T09:00,7,NA,22.0,0
2025-11-21T09:15,7,NA,40.0,204
2025-11-21T09:30,7,NA,59.0,300
2025-11-21T09:45,7,NA,74.0,612
2025-11-21T10:00,8,102.5017142857143,81.0,120
2025-11-21T10:15,8,91.10073333333335,81.0,456
2025-11-21T10:30,7,-17.46033333333334,82.0,888
2025-11-21T10:45,7,34.7275,90.0,1284
2025-11-21T11:00,7,111.54878571428571,103.0,1032
2025-11-21T11:15,7,98.47733333333332,121.0,1008
2025-11-21T11:30,7,60.324,144.0,1092
2025-11-21T11:45,7,72.33428571428571,177.0,1380
2025-11-21T12:00,4,63.63521428571429,223.0,888
2025-11-21T12:15,4,74.25966666666666,274.0,1812
2025-11-21T12:30,7,-26.832333333333338,316.0,2292
2025-11-21T12:45,7,34.49342857142857,335.0,3588
2025-11-21T13:00,4,66.94521428571429,336.0,1248
2025-11-21T13:15,4,43.2496,324.0,7212
2025-11-21T13:30,2,25.069599999999998,308.0,4752
2025-11-21T13:45,2,132.6815,295.0,1800
2025-11-21T14:00,0,98.30350000000001,280.0,6516
2025-11-21T14:15,0,128.0884666666667,263.0,6264
2025-11-21T14:30,0,108.65186666666663,243.0,3528
2025-11-21T14:45,0,86.2885,221.0,3360
2025-11-21T15:00,NA,103.86328571428574,198.0,6288
2025-11-21T15:15,NA,118.71486666666667,174.0,3996
2025-11-21T15:30,NA,128.73819999999998,146.0,4044
2025-11-21T15:45,NA,128.4392142857143,117.0,3408
2025-11-21T16:00,0,NA,86.0,5604
2025-11-21T16:15,0,NA,56.0,492
2025-11-21T16:30,0,NA,31.0,252
2025-11-21T16:45,0,NA,10.0,84
2025-11-21T17:00,NA,88.00164285714287,0.0,1848
2025-11-21T17:15,NA,69.691,0.0,0
2025-11-21T17:30,0,74.58153333333333,0.0,0
2025-11-21T17:45,0,102.82157142857145,0.0,0
2025-11-21T18:00,NA,124.75739999999998,0.0,0
2025-11-21T18:15,NA,155.71546666666663,0.0,0
2025-11-21T18:30,0,131.81220000000002,0.0,0
2025-11-21T18:45,0,122.1715,0.0,0
2025-11-21T19:00,0,122.78614285714285,0.0,0
2025-11-21T19:15,0,101.03866666666664,0.0,0
2025-11-21T19:30,0,89.87926666666665,0.0,0
2025-11-21T19:45,0,116.95364285714285,0.0,0
2025-11-21T20:00,NA,80.37207142857143,0.0,0
2025-11-21T20:15,NA,174.44593333333336,0.0,NA
2025-11-21T20:30,0,115.92446666666669,0.0,0
2025-11-21T20:45,0,107.85842857142858,0.0,0
2025-11-21T21:00,0,109.27907142857141,0.0,0
2025-11-21T21:15,0,106.09166666666665,0.0,0
2025-11-21T21:30,0,117.03133333333336,0.0,0
2025-11-21T21:45,0,103.15728571428572,0.0,0
2025-11-21T22:00,NA,95.37542857142857,0.0,0
2025-11-21T22:15,NA,91.6158,0.0,0
2025-11-21T22:30,8,98.72366666666669,0.0,0
2025-11-21T22:45,8,95.41499999999996,0.0,0
2025-11-21T23:00,8,111.76099999999995,0.0,0
2025-11-21T23:15,8,90.08999999999999,0.0,0
2025-11-21T23:30,8,91.95993333333334,0.0,0
2025-11-21T23:45,8,79.60450000000002,0.0,0
2025-11-22T00:00,8,119.39642857142853,0.0,NA
2025-11-22T00:15,8,397.4276666666666,0.0,0
2025-11-22T00:30,8,303.16479999999996,0.0,0
2025-11-22T00:45,8,249.26557142857138,0.0,0
2025-11-22T01:00,NA,110.784,0.0,NA
2025-11-22T01:15,NA,95.5308,0.0,0
2025-11-22T01:30,NA,84.6204,0.0,0
2025-11-22T01:45,NA,99.2305714285714,0.0,0
2025-11-22T02:00,NA,NA,0.0,0
2025-11-22T02:15,NA,NA,0.0,0
2025-11-22T02:30,NA,NA,0.0,0
2025-11-22T02:45,NA,NA,0.0,0
2025-11-22T03:00,NA,NA,0.0,0
2025-11-22T03:15,NA,NA,0.0,0
2025-11-22T03:30,NA,NA,0.0,0
2025-11-22T03:45,NA,NA,0.0,0
2025-11-22T04:00,NA,NA,0.0,0
2025-11-22T04:15,NA,NA,0.0,0
2025-11-22T04:30,NA,NA,0.0,0
2025-11-22T04:45,NA,NA,0.0,0
2025-11-22T05:00,NA,NA,0.0,0
2025-11-22T05:15,NA,NA,0.0,0
2025-11-22T05:30,NA,NA,0.0,0
2025-11-22T05:45,NA,NA,0.0,0
2025-11-22T06:00,NA,NA,0.0,0
2025-11-22T06:15,NA,NA,0.0,0
2025-11-22T06:30,NA,NA,0.0,0
2025-11-22T06:45,NA,NA,0.0,0
2025-11-22T07:00,NA,NA,0.0,0
2025-11-22T07:15,NA,NA,0.0,0
2025-11-22T07:30,0,NA,0.0,0
2025-11-22T07:45,0,NA,0.0,0
2025-11-22T08:00,NA,NA,0.0,0
2025-11-22T08:15,NA,NA,0.0,0
2025-11-22T08:30,0,NA,3.0,0
2025-11-22T08:45,0,NA,17.0,96
2025-11-22T09:00,2,71.29650000000001,35.0,0
2025-11-22T09:15,2,75.71106666666668,57.0,204
2025-11-22T09:30,NA,78.1178,81.0,240
2025-11-22T09:45,NA,79.74714285714285,101.0,384
2025-11-22T10:00,2,96.623,116.0,168
2025-11-22T10:15,2,160.7754,125.0,768
2025-11-22T10:30,7,133.733,134.0,984
2025-11-22T10:45,7,114.20007142857143,144.0,1440
2025-11-22T11:00,NA,84,154.0,744
2025-11-22T11:15,NA,77.97246666666666,165.0,1428
2025-11-22T11:30,4,83,180.0,2928
2025-11-22T11:45,4,54.438857142857145,204.0,2724
2025-11-22T12:00,4,55.28221428571429,240.0,1032
2025-11-22T12:15,4,76.38666666666668,281.0,3720
2025-11-22T12:30,2,60.84106666666667,315.0,3252
2025-11-22T12:45,2,53.00978571428572,330.0,4872
2025-11-22T13:00,0,61.51157142857143,332.0,3996
2025-11-22T13:15,0,36.71333333333333,324.0,7680
2025-11-22T13:30,4,45.7386,307.0,4488
2025-11-22T13:45,4,52.558500000000016,281.0,5424
2025-11-22T14:00,0,64.59257142857142,244.0,5916
2025-11-22T14:15,0,74.88259999999998,202.0,5412
2025-11-22T14:30,4,70.77326666666667,166.0,2808
2025-11-22T14:45,4,73.16985714285713,143.0,4008
2025-11-22T15:00,NA,78,128.0,7344
2025-11-22T15:15,NA,78.2,115.0,4944
2025-11-22T15:30,NA,107.05833333333334,100.0,5364
2025-11-22T15:45,NA,105.23928571428571,80.0,4392
2025-11-22T16:00,0,NA,58.0,3204
2025-11-22T16:15,0,NA,38.0,360
2025-11-22T16:30,0,NA,20.0,120
2025-11-22T16:45,0,NA,6.0,12
2025-11-22T17:00,0,96.62192857142858,0.0,1812
2025-11-22T17:15,0,76.52886666666667,0.0,0
2025-11-22T17:30,0,69.04493333333333,0.0,0
2025-11-22T17:45,0,71.26057142857142,0.0,0
2025-11-22T18:00,0,80.40985714285713,0.0,0
2025-11-22T18:15,0,71.8768,0.0,0
2025-11-22T18:30,0,94.57206666666669,0.0,0
2025-11-22T18:45,0,76.18121428571429,0.0,0
2025-11-22T19:00,0,69.21228571428571,0.0,0
2025-11-22T19:15,0,89.26526666666668,0.0,0
2025-11-22T19:30,0,80.82166666666667,0.0,0
2025-11-22T19:45,0,66.18264285714285,0.0,0
2025-11-22T20:00,2,73.7672857142857,0.0,0
2025-11-22T20:15,2,82.50106666666666,0.0,NA
2025-11-22T20:30,0,60.736866666666664,0.0,0
2025-11-22T20:45,0,79.85357142857143,0.0,0
2025-11-22T21:00,2,49.55942857142857,0.0,0
2025-11-22T21:15,2,39.44433333333333,0.0,0
2025-11-22T21:30,7,79.29066666666667,0.0,0
2025-11-22T21:45,7,76.034,0.0,0
2025-11-22T22:00,2,60.40735714285716,0.0,0
2025-11-22T22:15,2,69.9076,0.0,0
2025-11-22T22:30,7,92.36153333333331,0.0,0
2025-11-22T22:45,7,59.06192857142856,0.0,0
2025-11-22T23:00,8,104.40628571428572,0.0,0
2025-11-22T23:15,8,101.55466666666668,0.0,0
2025-11-22T23:30,8,108.31733333333332,0.0,0
2025-11-22T23:45,8,113.20985714285713,0.0,0
2025-11-23T00:00,NA,78.70721428571429,0.0,NA
2025-11-23T00:15,NA,79.68413333333334,0.0,0
2025-11-23T00:30,8,79.52913333333332,0.0,0
2025-11-23T00:45,8,79.48385714285713,0.0,0
2025-11-23T01:00,7,81.72564285714286,0.0,NA
2025-11-23T01:15,7,76.04839999999999,0.0,0
2025-11-23T01:30,8,91.76486666666666,0.0,0
2025-11-23T01:45,8,92.55871428571427,0.0,0
2025-11-23T02:00,NA,94.4857142857143,0.0,0
2025-11-23T02:15,NA,95.27340000000001,0.0,0
2025-11-23T02:30,8,93.00633333333334,0.0,0
2025-11-23T02:45,8,94.45000000000003,0.0,0
2025-11-23T03:00,8,89.70807142857143,0.0,0
2025-11-23T03:15,8,90.92733333333332,0.0,0
2025-11-23T03:30,7,96.1018,0.0,0
2025-11-23T03:45,7,98.56885714285714,0.0,0
2025-11-23T04:00,7,107.68114285714287,0.0,0
2025-11-23T04:15,7,120.36746666666667,0.0,0
2025-11-23T04:30,7,119.46459999999999,0.0,0
2025-11-23T04:45,7,115.43964285714286,0.0,0
2025-11-23T05:00,NA,121.6264285714286,0.0,0
2025-11-23T05:15,NA,117.94240000000003,0.0,0
2025-11-23T05:30,8,119.29573333333332,0.0,0
2025-11-23T05:45,8,105.75335714285713,0.0,0
2025-11-23T06:00,8,96.60271428571427,0.0,0
2025-11-23T06:15,8,105.37506666666667,0.0,0
2025-11-23T06:30,8,121.99253333333334,0.0,0
2025-11-23T06:45,8,109.56350000000002,0.0,0
2025-11-23T07:00,8,106.04171428571429,0.0,0
2025-11-23T07:15,8,88.5,0.0,0
2025-11-23T07:30,8,103.10293333333335,0.0,0
2025-11-23T07:45,8,93.36942857142857,0.0,0
2025-11-23T08:00,8,89.18107142857146,0.0,0
2025-11-23T08:15,8,71.25706666666666,0.0,0
2025-11-23T08:30,8,88.66193333333334,1.0,0
2025-11-23T08:45,8,77.14599999999999,14.0,0
2025-11-23T09:00,8,83.01028571428571,26.0,0
2025-11-23T09:15,8,80.56586666666666,37.0,120
2025-11-23T09:30,8,35.40006666666667,46.0,72
2025-11-23T09:45,8,22.790428571428578,51.0,60
2025-11-23T10:00,8,63.28114285714287,49.0,84
2025-11-23T10:15,8,45.91306666666667,43.0,360
2025-11-23T10:30,8,53.5148,36.0,408
2025-11-23T10:45,8,28.333214285714288,32.0,300
2025-11-23T11:00,7,39.94228571428572,31.0,180
2025-11-23T11:15,7,49.40239999999999,34.0,240
2025-11-23T11:30,8,-12.147333333333338,39.0,408
2025-11-23T11:45,8,21.572714285714287,49.0,252
2025-11-23T12:00,8,80.45000000000002,68.0,276
2025-11-23T12:15,8,83.23586666666667,88.0,264
2025-11-23T12:30,8,87.85020000000002,101.0,504
2025-11-23T12:45,8,100.26335714285715,96.0,360
2025-11-23T13:00,8,187.8412857142857,73.0,516
2025-11-23T13:15,8,151.0147333333333,43.0,132
2025-11-23T13:30,NA,66.08073333333333,18.0,168
2025-11-23T13:45,NA,96.98221428571428,8.0,252
2025-11-23T14:00,8,93.30449999999999,10.0,192
2025-11-23T14:15,8,103.45039999999999,16.0,96
2025-11-23T14:30,8,112.20753333333333,21.0,72
2025-11-23T14:45,8,101.00735714285716,22.0,168
2025-11-23T15:00,8,96.9647857142857,23.0,192
2025-11-23T15:15,8,105.62166666666664,22.0,180
2025-11-23T15:30,NA,104.00926666666668,20.0,144
2025-11-23T15:45,NA,123.71264285714287,16.0,144
2025-11-23T16:00,8,92.49442857142857,12.0,264
2025-11-23T16:15,8,73.77273333333332,7.0,12
2025-11-23T16:30,8,80.74333333333334,4.0,0
2025-11-23T16:45,8,65.18142857142855,1.0,0
2025-11-23T17:00,8,46.07071428571429,0.0,60
2025-11-23T17:15,8,67.38226666666667,0.0,0
2025-11-23T17:30,8,76.43433333333334,0.0,0
2025-11-23T17:45,8,84.25721428571428,0.0,0
2025-11-23T18:00,NA,87.81142857142858,0.0,0
2025-11-23T18:15,NA,70.2306,0.0,0
2025-11-23T18:30,8,78.63846666666667,0.0,0
2025-11-23T18:45,8,82.72492857142856,0.0,0
2025-11-23T19:00,7,113.48835714285714,0.0,0
2025-11-23T19:15,7,113.10933333333332,0.0,0
2025-11-23T19:30,7,105.79599999999998,0.0,0
2025-11-23T19:45,7,89.627,0.0,0
2025-11-23T20:00,7,106.64957142857146,0.0,0
2025-11-23T20:15,7,106,0.0,NA
2025-11-23T20:30,NA,115.75413333333336,0.0,0
2025-11-23T20:45,NA,95.26107142857146,0.0,0
2025-11-23T21:00,8,83.4189285714286,0.0,0
2025-11-23T21:15,8,101.90000000000002,0.0,0
2025-11-23T21:30,NA,105.52066666666663,0.0,0
2025-11-23T21:45,NA,101.2672857142857,0.0,0
2025-11-23T22:00,4,88.02064285714286,0.0,0
2025-11-23T22:15,4,108.65306666666665,0.0,0
2025-11-23T22:30,7,121.08786666666668,0.0,0
2025-11-23T22:45,7,107.37985714285715,0.0,0
2025-11-23T23:00,7,92.68821428571427,0.0,NA
2025-11-23T23:15,7,100.9888,0.0,0
2025-11-23T23:30,7,96.93126666666669,0.0,0
2025-11-23T23:45,7,97.92192857142857,0.0,0
2025-11-24T00:00,7,118.82685714285715,0.0,NA
2025-11-24T00:15,7,129.6498,0.0,0
2025-11-24T00:30,NA,111.45393333333331,0.0,0
2025-11-24T00:45,NA,105.45857142857143,0.0,0
2025-11-24T01:00,NA,150.57199999999997,0.0,NA
2025-11-24T01:15,NA,114.23133333333335,0.0,0
2025-11-24T01:30,0,107.32833333333333,0.0,0
2025-11-24T01:45,0,95.09,0.0,0
2025-11-24T02:00,0,90.47285714285715,0.0,0
2025-11-24T02:15,0,70.82153333333332,0.0,0
2025-11-24T02:30,0,56.59386666666668,0.0,0
2025-11-24T02:45,0,19.261285714285712,0.0,0
2025-11-24T03:00,4,28.14485714285714,0.0,0
2025-11-24T03:15,4,61.73453333333334,0.0,0
2025-11-24T03:30,7,88.64999999999999,0.0,0
2025-11-24T03:45,7,86.88821428571427,0.0,0
2025-11-24T04:00,7,80.01557142857143,0.0,0
2025-11-24T04:15,7,94.36800000000001,0.0,0
2025-11-24T04:30,7,49.76693333333334,0.0,0
2025-11-24T04:45,7,57.17142857142858,0.0,0
2025-11-24T05:00,NA,60.52021428571429,0.0,0
2025-11-24T05:15,NA,59.810666666666656,0.0,0
2025-11-24T05:30,NA,40.85333333333334,0.0,0
2025-11-24T05:45,NA,69.79714285714287,0.0,0
2025-11-24T06:00,NA,NA,0.0,0
2025-11-24T06:15,NA,NA,0.0,0
2025-11-24T06:30,NA,NA,0.0,0
2025-11-24T06:45,NA,NA,0.0,0
2025-11-24T07:00,8,NA,0.0,0
2025-11-24T07:15,8,NA,0.0,0
2025-11-24T07:30,7,NA,0.0,0
2025-11-24T07:45,7,NA,0.0,0
2025-11-24T08:00,8,71.29200000000002,0.0,0
2025-11-24T08:15,8,91.07760000000002,0.0,0
2025-11-24T08:30,7,118.03966666666666,0.0,0
2025-11-24T08:45,7,82.75357142857142,1.0,0
2025-11-24T09:00,8,114.16278571428572,5.0,0
2025-11-24T09:15,8,52.78333333333333,10.0,0
2025-11-24T09:30,NA,58.32099999999999,18.0,0
2025-11-24T09:45,NA,70.64999999999999,28.0,24
2025-11-24T10:00,8,47.73507142857143,39.0,0
2025-11-24T10:15,8,49.904533333333326,51.0,396
2025-11-24T10:30,8,60.73726666666666,67.0,492
2025-11-24T10:45,8,60.8125,88.0,1140
2025-11-24T11:00,8,151.3862142857143,116.0,204
2025-11-24T11:15,8,56.33366666666666,148.0,3924
2025-11-24T11:30,4,101.62846666666665,177.0,3408
2025-11-24T11:45,4,47.48571428571428,197.0,3108
2025-11-24T12:00,7,NA,212.0,1200
2025-11-24T12:15,7,NA,220.0,4824
2025-11-24T12:30,8,NA,217.0,5232
2025-11-24T12:45,8,NA,201.0,3156
2025-11-24T13:00,7,125.99400000000001,166.0,1800
2025-11-24T13:15,7,128.77086666666665,124.0,2592
2025-11-24T13:30,NA,157.58600000000004,87.0,696
2025-11-24T13:45,NA,170.10542857142858,64.0,648
2025-11-24T14:00,8,149.09371428571427,50.0,4440
2025-11-24T14:15,8,171.47973333333337,42.0,264
2025-11-24T14:30,8,159.09380000000002,35.0,312
2025-11-24T14:45,8,162.26500000000001,27.0,192
2025-11-24T15:00,8,99.7759285714286,20.0,600
2025-11-24T15:15,8,137.38999999999993,14.0,216
2025-11-24T15:30,NA,142.3662666666667,10.0,84
2025-11-24T15:45,NA,101.86028571428572,7.0,0
2025-11-24T16:00,7,171.23928571428573,4.0,240
2025-11-24T16:15,7,95.5514,2.0,0
2025-11-24T16:30,7,144.067,1.0,0
2025-11-24T16:45,7,168.3351428571429,0.0,0
2025-11-24T17:00,8,191.62514285714286,0.0,0
2025-11-24T17:15,8,156.70026666666666,0.0,0
2025-11-24T17:30,2,221.9074,0.0,0
2025-11-24T17:45,2,196.39714285714288,0.0,0
2025-11-24T18:00,2,277.8422857142857,0.0,0
2025-11-24T18:15,2,158.04513333333335,0.0,0
2025-11-24T18:30,7,175.9878,0.0,0
2025-11-24T18:45,7,359.4305714285714,0.0,0
2025-11-24T19:00,8,148.7527142857143,0.0,0
2025-11-24T19:15,8,112.85466666666667,0.0,0
2025-11-24T19:30,8,100.81186666666669,0.0,0
2025-11-24T19:45,8,126.94221428571426,0.0,0
2025-11-24T20:00,NA,138.31742857142856,0.0,0
2025-11-24T20:15,NA,156.51173333333335,0.0,NA
2025-11-24T20:30,8,141.00673333333333,0.0,0
2025-11-24T20:45,8,136.53464285714284,0.0,0
2025-11-24T21:00,NA,128.49571428571429,0.0,0
2025-11-24T21:15,NA,119.301,0.0,0
2025-11-24T21:30,7,98.71599999999998,0.0,0
2025-11-24T21:45,7,69.55664285714285,0.0,0
2025-11-24T22:00,7,14.86307142857143,0.0,0
2025-11-24T22:15,7,51.19253333333333,0.0,0
2025-11-24T22:30,7,81.93993333333334,0.0,0
2025-11-24T22:45,7,31.596785714285712,0.0,0
2025-11-24T23:00,2,58.65785714285715,0.0,NA
2025-11-24T23:15,2,65.75546666666666,0.0,0
2025-11-24T23:30,8,53.28493333333332,0.0,0
2025-11-24T23:45,8,35.03021428571429,0.0,0
2025-11-25T00:00,NA,83.72385714285713,0.0,NA
2025-11-25T00:15,NA,96.32833333333333,0.0,0
2025-11-25T00:30,8,79.43513333333335,0.0,0
2025-11-25T00:45,8,93.34150000000001,0.0,0
2025-11-25T01:00,7,97.08857142857141,0.0,NA
2025-11-25T01:15,7,84.73413333333335,0.0,0
2025-11-25T01:30,4,74.48179999999999,0.0,0
2025-11-25T01:45,4,59.37499999999999,0.0,0
2025-11-25T02:00,4,71.54735714285714,0.0,0
2025-11-25T02:15,4,40.617466666666665,0.0,0
2025-11-25T02:30,8,52.850000000000016,0.0,0
2025-11-25T02:45,8,59.48000000000001,0.0,0
2025-11-25T03:00,NA,91,0.0,0
2025-11-25T03:15,NA,91.00333333333333,0.0,0
2025-11-25T03:30,8,90.26666666666667,0.0,0
2025-11-25T03:45,8,91,0.0,0
2025-11-25T04:00,8,24.23971428571429,0.0,0
2025-11-25T04:15,8,29.400066666666667,0.0,0
2025-11-25T04:30,8,-25.801600000000004,0.0,0
2025-11-25T04:45,8,34.05442857142857,0.0,0
2025-11-25T05:00,NA,-107.68871428571427,0.0,0
2025-11-25T05:15,NA,3.551066666666666,0.0,0
2025-11-25T05:30,NA,68.4672,0.0,0
2025-11-25T05:45,NA,68.1862142857143,0.0,0
2025-11-25T06:00,NA,NA,0.0,0
2025-11-25T06:15,NA,NA,0.0,0
2025-11-25T06:30,NA,NA,0.0,0
2025-11-25T06:45,NA,NA,0.0,0
2025-11-25T07:00,4,NA,0.0,0
2025-11-25T07:15,4,NA,0.0,0
2025-11-25T07:30,4,NA,0.0,0
2025-11-25T07:45,4,NA,0.0,0
2025-11-25T08:00,7,138.71214285714285,0.0,0
2025-11-25T08:15,7,95.35400000000001,0.0,0
2025-11-25T08:30,NA,59.99313333333334,0.0,0
2025-11-25T08:45,NA,94.42857142857143,7.0,0
2025-11-25T09:00,NA,109.35535714285713,23.0,0
2025-11-25T09:15,NA,95.03333333333333,50.0,528
2025-11-25T09:30,NA,79.4304,81.0,180
2025-11-25T09:45,NA,55.21692857142857,105.0,372
2025-11-25T10:00,NA,NA,115.0,276
2025-11-25T10:15,NA,NA,113.0,696
2025-11-25T10:30,NA,NA,106.0,312
2025-11-25T10:45,NA,NA,104.0,12
2025-11-25T11:00,NA,NA,101.0,372
2025-11-25T11:15,NA,NA,99.0,480
2025-11-25T11:30,8,NA,100.0,324
2025-11-25T11:45,8,NA,105.0,600
2025-11-25T12:00,NA,NA,117.0,552
2025-11-25T12:15,NA,NA,132.0,708
2025-11-25T12:30,NA,NA,147.0,816
2025-11-25T12:45,NA,NA,155.0,948
2025-11-25T13:00,NA,NA,158.0,876
2025-11-25T13:15,NA,NA,159.0,1044
2025-11-25T13:30,NA,NA,161.0,936
2025-11-25T13:45,NA,NA,168.0,1080
2025-11-25T14:00,NA,NA,180.0,1608
2025-11-25T14:15,NA,NA,191.0,3600
2025-11-25T14:30,NA,NA,195.0,1836
2025-11-25T14:45,NA,NA,187.0,480
2025-11-25T15:00,NA,NA,173.0,3180
2025-11-25T15:15,NA,NA,153.0,1776
2025-11-25T15:30,NA,NA,129.0,3036
2025-11-25T15:45,NA,NA,102.0,3900
2025-11-25T16:00,NA,NA,72.0,792
2025-11-25T16:15,NA,NA,44.0,432
2025-11-25T16:30,NA,NA,22.0,84
2025-11-25T16:45,NA,NA,4.0,0
2025-11-25T17:00,2,NA,0.0,1572
2025-11-25T17:15,2,NA,0.0,0
2025-11-25T17:30,4,NA,0.0,0
2025-11-25T17:45,4,NA,0.0,0
2025-11-25T18:00,7,82.7672857142857,0.0,0
2025-11-25T18:15,7,104.69139999999997,0.0,0
2025-11-25T18:30,4,88.3316,0.0,0
2025-11-25T18:45,4,99.64549999999998,0.0,0
2025-11-25T19:00,2,120.03071428571425,0.0,0
2025-11-25T19:15,2,89.1422,0.0,0
2025-11-25T19:30,7,82.35066666666668,0.0,0
2025-11-25T19:45,7,101.77164285714287,0.0,0
2025-11-25T20:00,4,124.31585714285715,0.0,0
2025-11-25T20:15,4,106.01646666666666,0.0,NA
2025-11-25T20:30,7,95.79993333333333,0.0,0
2025-11-25T20:45,7,113.57257142857142,0.0,0
2025-11-25T21:00,7,96,0.0,0
2025-11-25T21:15,7,100.21893333333335,0.0,0
2025-11-25T21:30,7,64.69893333333333,0.0,0
2025-11-25T21:45,7,93.92692857142856,0.0,0
2025-11-25T22:00,4,62.403142857142846,0.0,0
2025-11-25T22:15,4,86.79999999999997,0.0,0
2025-11-25T22:30,7,66.64853333333333,0.0,0
2025-11-25T22:45,7,83.96000000000001,0.0,0
2025-11-25T23:00,7,68.02285714285713,0.0,0
2025-11-25T23:15,7,76.57766666666666,0.0,0
2025-11-25T23:30,7,76.85906666666666,0.0,0
2025-11-25T23:45,7,65.06392857142858,0.0,0
2025-11-26T00:00,4,68.25078571428573,0.0,NA
2025-11-26T00:15,4,76.18866666666668,0.0,0
2025-11-26T00:30,4,73.41826666666664,0.0,0
2025-11-26T00:45,4,72.32792857142857,0.0,0
2025-11-26T01:00,7,88.74728571428571,0.0,NA
2025-11-26T01:15,7,95.025,0.0,0
2025-11-26T01:30,8,87.45926666666668,0.0,0
2025-11-26T01:45,8,80.63785714285714,0.0,0
2025-11-26T02:00,8,87.70757142857143,0.0,0
2025-11-26T02:15,8,89.33533333333337,0.0,0
2025-11-26T02:30,7,81.57426666666667,0.0,0
2025-11-26T02:45,7,85.54549999999999,0.0,0
2025-11-26T03:00,7,91.96264285714285,0.0,0
2025-11-26T03:15,7,65.5746,0.0,0
2025-11-26T03:30,7,77.44566666666668,0.0,0
2025-11-26T03:45,7,70.58314285714286,0.0,0
2025-11-26T04:00,8,61.41757142857143,0.0,0
2025-11-26T04:15,8,60.07946666666667,0.0,0
2025-11-26T04:30,2,63.93286666666666,0.0,0
2025-11-26T04:45,2,45.86864285714286,0.0,0
2025-11-26T05:00,NA,68.37892857142857,0.0,0
2025-11-26T05:15,NA,65.53699999999999,0.0,0
2025-11-26T05:30,NA,18.547866666666668,0.0,0
2025-11-26T05:45,NA,-3.6455714285714285,0.0,0
2025-11-26T06:00,NA,NA,0.0,0
2025-11-26T06:15,NA,NA,0.0,0
2025-11-26T06:30,7,NA,0.0,0
2025-11-26T06:45,7,NA,0.0,0
2025-11-26T07:00,8,NA,0.0,0
2025-11-26T07:15,8,NA,0.0,0
2025-11-26T07:30,8,NA,0.0,0
2025-11-26T07:45,8,NA,0.0,0
2025-11-26T08:00,8,93.58935714285714,0.0,0
2025-11-26T08:15,8,79.47666666666667,0.0,0
2025-11-26T08:30,NA,67.5646,0.0,0
2025-11-26T08:45,NA,101.86785714285712,6.0,0
2025-11-26T09:00,8,196.0545,10.0,0
2025-11-26T09:15,8,162.51133333333337,11.0,0
2025-11-26T09:30,NA,190.5984666666667,13.0,192
2025-11-26T09:45,NA,169.21535714285713,26.0,240
2025-11-26T10:00,NA,146,57.0,0
2025-11-26T10:15,NA,140.4704,101.0,540
2025-11-26T10:30,NA,146,146.0,720
2025-11-26T10:45,NA,85.40335714285713,176.0,660
2025-11-26T11:00,NA,NA,187.0,408
2025-11-26T11:15,NA,NA,187.0,876
2025-11-26T11:30,NA,NA,186.0,756
2025-11-26T11:45,NA,NA,197.0,1680
2025-11-26T12:00,NA,NA,217.0,636
2025-11-26T12:15,NA,NA,240.0,5448
2025-11-26T12:30,NA,NA,260.0,6072
2025-11-26T12:45,NA,NA,271.0,6300
2025-11-26T13:00,7,NA,278.0,3288
2025-11-26T13:15,7,NA,280.0,6096
2025-11-26T13:30,NA,NA,274.0,2988
2025-11-26T13:45,NA,NA,260.0,6048
2025-11-26T14:00,0,NA,235.0,6660
2025-11-26T14:15,0,NA,206.0,5400
2025-11-26T14:30,4,NA,178.0,5172
2025-11-26T14:45,4,NA,156.0,2364
2025-11-26T15:00,7,72.89357142857142,138.0,6648
2025-11-26T15:15,7,13.748933333333332,121.0,1788
2025-11-26T15:30,4,105.56,101.0,1920
2025-11-26T15:45,4,98,77.0,372
2025-11-26T16:00,7,88.45092857142856,52.0,2580
2025-11-26T16:15,7,38.11666666666667,30.0,120
2025-11-26T16:30,2,72.46366666666667,14.0,12
2025-11-26T16:45,2,93.26914285714285,2.0,0
2025-11-26T17:00,2,136.78157142857143,0.0,252
2025-11-26T17:15,2,100.69959999999999,0.0,0
2025-11-26T17:30,7,95.0454,0.0,0
2025-11-26T17:45,7,99.07271428571428,0.0,0
2025-11-26T18:00,7,102.83999999999999,0.0,0
2025-11-26T18:15,7,97.3022,0.0,0
2025-11-26T18:30,8,85.59646666666669,0.0,0
2025-11-26T18:45,8,96.29999999999997,0.0,0
2025-11-26T19:00,7,127.87450000000003,0.0,0
2025-11-26T19:15,7,115.9206666666667,0.0,0
2025-11-26T19:30,0,79,0.0,0
2025-11-26T19:45,0,74.037,0.0,0
2025-11-26T20:00,2,80.01814285714285,0.0,0
2025-11-26T20:15,2,121.91986666666668,0.0,NA
2025-11-26T20:30,7,93.46900000000002,0.0,0
2025-11-26T20:45,7,73.09364285714284,0.0,0
2025-11-26T21:00,7,105.7375,0.0,0
2025-11-26T21:15,7,99.4786666666667,0.0,0
2025-11-26T21:30,7,81.01833333333335,0.0,0
2025-11-26T21:45,7,67.34957142857144,0.0,0
2025-11-26T22:00,NA,75.92214285714284,0.0,0
2025-11-26T22:15,NA,58.4628,0.0,0
2025-11-26T22:30,7,75.67846666666668,0.0,0
2025-11-26T22:45,7,65.64849999999998,0.0,0
2025-11-26T23:00,NA,66.84942857142856,0.0,0
2025-11-26T23:15,NA,63.334666666666664,0.0,0
2025-11-26T23:30,8,78.67013333333333,0.0,0
2025-11-26T23:45,8,70.53142857142859,0.0,0
2025-11-27T00:00,8,89.27521428571428,NA,NA
2025-11-27T00:15,8,52.14666666666667,NA,NA
2025-11-27T00:30,7,49,NA,NA
2025-11-27T00:45,7,47.67735714285714,NA,NA
2025-11-27T01:00,0,33.765,NA,NA
2025-11-27T01:15,0,-6.815599999999999,NA,NA
2025-11-27T01:30,4,-11.305066666666665,NA,NA
2025-11-27T01:45,4,-10.383785714285713,NA,NA
2025-11-27T02:00,7,-33.966071428571425,NA,NA
2025-11-27T02:15,7,-38.04046666666667,NA,NA
2025-11-27T02:30,8,-77.45653333333333,NA,NA
2025-11-27T02:45,8,-41.55971428571429,NA,NA
2025-11-27T03:00,8,-157.4218571428571,NA,NA
2025-11-27T03:15,8,30.598333333333326,NA,NA
2025-11-27T03:30,8,-36.95153333333334,NA,NA
2025-11-27T03:45,8,-0.9100714285714275,NA,NA
2025-11-27T04:00,8,-33.831,NA,NA
2025-11-27T04:15,8,-18.060066666666668,NA,NA
2025-11-27T04:30,8,17.199266666666666,NA,NA
2025-11-27T04:45,8,40.12199999999999,NA,NA
2025-11-27T05:00,8,-61.62464285714286,NA,NA
2025-11-27T05:15,8,-27.619666666666664,NA,NA
2025-11-27T05:30,NA,13.86746666666667,NA,NA
2025-11-27T05:45,NA,-18.78971428571429,NA,NA
2025-11-27T06:00,NA,34.994071428571424,NA,NA
2025-11-27T06:15,NA,50.94666666666667,NA,NA
2025-11-27T06:30,8,66.76,NA,NA
2025-11-27T06:45,8,57.45714285714286,NA,NA
2025-11-27T07:00,8,NA,NA,NA
2025-11-27T07:15,8,NA,NA,NA
2025-11-27T07:30,8,NA,NA,NA
2025-11-27T07:45,8,NA,NA,NA
2025-11-27T08:00,8,108.63642857142857,NA,NA
2025-11-27T08:15,8,101.99333333333331,NA,NA
2025-11-27T08:30,7,62.83233333333332,NA,NA
2025-11-27T08:45,7,68.9,NA,NA
2025-11-27T09:00,7,94.8564285714286,NA,NA
2025-11-27T09:15,7,60.29999999999998,NA,NA
2025-11-27T09:30,7,61.90673333333333,NA,NA
2025-11-27T09:45,7,60.5,NA,NA
2025-11-27T10:00,7,78.633,NA,NA
2025-11-27T10:15,7,58.76166666666666,NA,NA
2025-11-27T10:30,NA,94.02966666666664,NA,NA
2025-11-27T10:45,NA,114.2737857142857,NA,NA
2025-11-27T11:00,NA,106.43121428571429,NA,NA
2025-11-27T11:15,NA,310.35819999999995,NA,NA
2025-11-27T11:30,NA,108.94126666666665,NA,NA
2025-11-27T11:45,NA,113.99607142857143,NA,NA
2025-11-27T12:00,7,NA,NA,NA
2025-11-27T12:15,7,NA,NA,NA
2025-11-27T12:30,8,NA,NA,NA
2025-11-27T12:45,8,NA,NA,NA
2025-11-27T13:00,8,107.86892857142857,NA,NA
2025-11-27T13:15,8,104.26666666666664,NA,NA
2025-11-27T13:30,8,77.17206666666667,NA,NA
2025-11-27T13:45,8,86.28607142857143,NA,NA
2025-11-27T14:00,8,83.72,NA,NA
2025-11-27T14:15,8,85.76,NA,NA
2025-11-27T14:30,8,47.469333333333346,NA,NA
2025-11-27T14:45,8,66,NA,NA
2025-11-27T15:00,8,65.57035714285715,NA,NA
2025-11-27T15:15,8,59.07133333333332,NA,NA
2025-11-27T15:30,NA,51.24173333333335,NA,NA
2025-11-27T15:45,NA,57.202857142857134,NA,NA
2025-11-27T16:00,NA,55.74,NA,NA
2025-11-27T16:15,NA,39.03333333333333,NA,NA
2025-11-27T16:30,NA,46,NA,NA
2025-11-27T16:45,NA,55.48571428571428,NA,NA
2025-11-28T00:00,NA,NA,0.0,NA
2025-11-28T00:15,NA,NA,0.0,0
2025-11-28T00:30,NA,NA,0.0,0
2025-11-28T00:45,NA,NA,0.0,0
2025-11-28T01:00,NA,NA,0.0,0
2025-11-28T01:15,NA,NA,0.0,0
2025-11-28T01:30,NA,NA,0.0,NA
2025-11-28T01:45,NA,NA,0.0,0
2025-11-28T02:00,NA,NA,0.0,0
2025-11-28T02:15,NA,NA,0.0,0
2025-11-28T02:30,NA,NA,0.0,0
2025-11-28T02:45,NA,NA,0.0,0
2025-11-28T03:00,NA,NA,0.0,0
2025-11-28T03:15,NA,NA,0.0,0
2025-11-28T03:30,NA,NA,0.0,0
2025-11-28T03:45,NA,NA,0.0,0
2025-11-28T04:00,NA,NA,0.0,0
2025-11-28T04:15,NA,NA,0.0,0
2025-11-28T04:30,NA,NA,0.0,0
2025-11-28T04:45,NA,NA,0.0,0
2025-11-28T05:00,NA,NA,0.0,0
2025-11-28T05:15,NA,NA,0.0,0
2025-11-28T05:30,NA,NA,0.0,0
2025-11-28T05:45,NA,NA,0.0,0
2025-11-28T06:00,NA,NA,0.0,0
2025-11-28T06:15,NA,NA,0.0,0
2025-11-28T06:30,NA,NA,0.0,0
2025-11-28T06:45,NA,NA,0.0,0
2025-11-28T07:00,NA,NA,0.0,0
2025-11-28T07:15,NA,NA,0.0,0
2025-11-28T07:30,NA,NA,0.0,0
2025-11-28T07:45,NA,NA,0.0,0
2025-11-28T08:00,NA,NA,0.0,0
2025-11-28T08:15,NA,NA,0.0,0
2025-11-28T08:30,NA,NA,0.0,0
2025-11-28T08:45,NA,NA,1.0,0
2025-11-28T09:00,8,NA,3.0,0
2025-11-28T09:15,8,NA,6.0,0
2025-11-28T09:30,8,NA,10.0,0
2025-11-28T09:45,8,NA,14.0,0
2025-11-28T10:00,7,78.01842857142856,20.0,336
2025-11-28T10:15,7,75.69120000000001,25.0,72
2025-11-28T10:30,NA,92.6106,29.0,144
2025-11-28T10:45,NA,80.8425,30.0,432
2025-11-28T11:00,NA,58.62264285714285,28.0,684
2025-11-28T11:15,NA,80.00240000000002,22.0,600
2025-11-28T11:30,NA,71.4242,17.0,708
2025-11-28T11:45,NA,80.71257142857144,14.0,924
2025-11-28T12:00,7,NA,14.0,612
2025-11-28T12:15,7,NA,15.0,324
2025-11-28T12:30,7,NA,16.0,600
2025-11-28T12:45,7,NA,16.0,528
2025-11-28T13:00,7,123.15600000000002,14.0,288
2025-11-28T13:15,7,250.13139999999996,12.0,396
2025-11-28T13:30,NA,214.28166666666664,11.0,288
2025-11-28T13:45,NA,194.5895714285714,10.0,360
2025-11-28T14:00,8,161.61192857142856,9.0,192
2025-11-28T14:15,8,120.19000000000004,8.0,384
2025-11-28T14:30,8,93.73546666666668,9.0,396
2025-11-28T14:45,8,70.50957142857143,10.0,408
2025-11-28T15:00,NA,76.45114285714286,12.0,48
2025-11-28T15:15,NA,102.74906666666665,14.0,180
2025-11-28T15:30,NA,100.01866666666666,14.0,156
2025-11-28T15:45,NA,98.94571428571429,11.0,156
2025-11-28T16:00,8,NA,7.0,0
2025-11-28T16:15,8,NA,4.0,72
2025-11-28T16:30,8,NA,1.0,72
2025-11-28T16:45,8,NA,0.0,12
2025-11-28T17:00,7,212.22500000000005,0.0,0
2025-11-28T17:15,7,137.90000000000003,0.0,0
2025-11-28T17:30,4,129.6036,0.0,0
2025-11-28T17:45,4,188,0.0,0
2025-11-28T18:00,0,110.63114285714282,0.0,0
2025-11-28T18:15,0,106.56860000000002,0.0,0
2025-11-28T18:30,0,122.25866666666666,0.0,0
2025-11-28T18:45,0,351.0313571428572,0.0,0
2025-11-28T19:00,0,126.50892857142853,0.0,0
2025-11-28T19:15,0,257.65093333333334,0.0,0
2025-11-28T19:30,NA,117.2212,0.0,0
2025-11-28T19:45,NA,100.63928571428575,0.0,0
2025-11-28T20:00,7,112.99,0.0,0
2025-11-28T20:15,7,97.81386666666667,0.0,0
2025-11-28T20:30,7,93.51246666666665,0.0,0
2025-11-28T20:45,7,89.78321428571428,0.0,0
2025-11-28T21:00,2,93.32592857142856,0.0,0
2025-11-28T21:15,2,82.9792,0.0,0
2025-11-28T21:30,7,82.20880000000001,0.0,0
2025-11-28T21:45,7,67.25257142857143,0.0,0
2025-11-28T22:00,NA,79.70892857142859,0.0,0
2025-11-28T22:15,NA,63.8642,0.0,0
2025-11-28T22:30,7,80.71200000000003,0.0,0
2025-11-28T22:45,7,77.65335714285713,0.0,0
2025-11-28T23:00,7,79.90414285714287,0.0,NA
2025-11-28T23:15,7,77.55826666666665,0.0,0
2025-11-28T23:30,8,83.67,0.0,0
2025-11-28T23:45,8,71.14592857142858,0.0,0
2025-11-29T00:00,8,83.5815,0.0,NA
2025-11-29T00:15,8,81.32819999999998,0.0,0
2025-11-29T00:30,8,71.19046666666667,0.0,0
2025-11-29T00:45,8,69.80364285714286,0.0,0
2025-11-29T01:00,8,92.85014285714284,0.0,NA
2025-11-29T01:15,8,78.4272,0.0,0
2025-11-29T01:30,8,99.27320000000002,0.0,0
2025-11-29T01:45,8,88.79085714285715,0.0,0
2025-11-29T02:00,7,135.62800000000001,0.0,0
2025-11-29T02:15,7,113.501,0.0,0
2025-11-29T02:30,4,124.28706666666666,0.0,0
2025-11-29T02:45,4,102.76214285714286,0.0,0
2025-11-29T03:00,7,134.92350000000002,0.0,0
2025-11-29T03:15,7,123.96013333333333,0.0,0
2025-11-29T03:30,7,127.96666666666668,0.0,0
2025-11-29T03:45,7,120.74092857142857,0.0,0
2025-11-29T04:00,8,106.70321428571428,0.0,0
2025-11-29T04:15,8,95.76539999999999,0.0,0
2025-11-29T04:30,8,97.86713333333334,0.0,0
2025-11-29T04:45,8,110.58635714285715,0.0,0
2025-11-29T05:00,7,89.04149999999997,0.0,0
2025-11-29T05:15,7,91.97933333333336,0.0,0
2025-11-29T05:30,8,102.02000000000001,0.0,0
2025-11-29T05:45,8,95.41742857142857,0.0,0
2025-11-29T06:00,7,65.3047142857143,0.0,0
2025-11-29T06:15,7,67.29806666666666,0.0,0
2025-11-29T06:30,7,74.05099999999999,0.0,0
2025-11-29T06:45,7,82.31264285714285,0.0,0
2025-11-29T07:00,7,66.72921428571429,0.0,0
2025-11-29T07:15,7,103.91333333333331,0.0,0
2025-11-29T07:30,7,83.79746666666666,0.0,0
2025-11-29T07:45,7,61.24164285714286,0.0,0
2025-11-29T08:00,7,60.377,0.0,0
2025-11-29T08:15,7,70.21073333333334,0.0,0
2025-11-29T08:30,8,64.54833333333333,0.0,0
2025-11-29T08:45,8,67.47985714285714,2.0,0
2025-11-29T09:00,8,90.175,8.0,0
2025-11-29T09:15,8,82.672,17.0,0
2025-11-29T09:30,8,91.10106666666665,27.0,12
2025-11-29T09:45,8,78.17371428571427,35.0,96
2025-11-29T10:00,8,82.00607142857143,42.0,0
2025-11-29T10:15,8,86.01859999999998,47.0,252
2025-11-29T10:30,7,63.38073333333333,49.0,372
2025-11-29T10:45,7,60.899999999999984,50.0,588
2025-11-29T11:00,7,68.56285714285715,46.0,132
2025-11-29T11:15,7,75.59066666666668,40.0,612
2025-11-29T11:30,7,80.38400000000001,39.0,564
2025-11-29T11:45,7,53.289214285714294,51.0,996
2025-11-29T12:00,7,62.379142857142845,82.0,672
2025-11-29T12:15,7,63.88133333333334,119.0,564
2025-11-29T12:30,7,73.26726666666669,145.0,636
2025-11-29T12:45,7,66.63221428571428,146.0,852
2025-11-29T13:00,8,90.35999999999999,123.0,684
2025-11-29T13:15,8,90.11999999999998,88.0,1728
2025-11-29T13:30,7,83.76746666666668,57.0,1512
2025-11-29T13:45,7,89.53750000000001,39.0,1380
2025-11-29T14:00,7,85.39785714285715,31.0,612
2025-11-29T14:15,7,90.19146666666667,27.0,900
2025-11-29T14:30,8,93.41533333333334,23.0,828
2025-11-29T14:45,8,89.69071428571431,19.0,660
2025-11-29T15:00,8,90.22457142857142,14.0,720
2025-11-29T15:15,8,100.46160000000002,10.0,588
2025-11-29T15:30,7,102.62766666666663,8.0,432
2025-11-29T15:45,7,110.38107142857143,7.0,204
2025-11-29T16:00,8,85.69214285714283,6.0,336
2025-11-29T16:15,8,80.95800000000003,5.0,12
2025-11-29T16:30,8,73.88633333333331,3.0,0
2025-11-29T16:45,8,88.34750000000001,0.0,0
2025-11-29T17:00,NA,66.80214285714287,0.0,156
2025-11-29T17:15,NA,65.05600000000001,0.0,0
2025-11-29T17:30,8,64.81419999999999,0.0,0
2025-11-29T17:45,8,66.97578571428572,0.0,0
2025-11-29T18:00,7,101.03021428571428,0.0,0
2025-11-29T18:15,7,75.001,0.0,0
2025-11-29T18:30,7,88.736,0.0,0
2025-11-29T18:45,7,67.50500000000001,0.0,0
2025-11-29T19:00,7,101.82257142857144,0.0,0
2025-11-29T19:15,7,68.01833333333333,0.0,0
2025-11-29T19:30,8,79.475,0.0,0
2025-11-29T19:45,8,47.863714285714295,0.0,0
2025-11-29T20:00,8,62.53142857142858,0.0,0
2025-11-29T20:15,8,60.09766666666667,0.0,NA
2025-11-29T20:30,8,60.72153333333335,0.0,0
2025-11-29T20:45,8,57.901214285714296,0.0,0
2025-11-29T21:00,8,65.93000000000004,0.0,0
2025-11-29T21:15,8,64.06446666666666,0.0,0
2025-11-29T21:30,8,78.65493333333333,0.0,0
2025-11-29T21:45,8,82.20857142857142,0.0,0
2025-11-29T22:00,4,83.41157142857143,0.0,0
2025-11-29T22:15,4,92.43,0.0,0
2025-11-29T22:30,7,93.75586666666668,0.0,0
2025-11-29T22:45,7,93.83042857142858,0.0,0
2025-11-29T23:00,7,90.68792857142856,0.0,NA
2025-11-29T23:15,7,67.21373333333332,0.0,0
2025-11-29T23:30,7,50.637600000000006,0.0,0
2025-11-29T23:45,7,14.709714285714286,0.0,0
2025-11-30T00:00,7,-15.169642857142858,0.0,NA
2025-11-30T00:15,7,1.9604,0.0,0
2025-11-30T00:30,8,31.425733333333326,0.0,0
2025-11-30T00:45,8,26.622857142857146,0.0,0
2025-11-30T01:00,7,50.1805,0.0,NA
2025-11-30T01:15,7,64.07586666666664,0.0,0
2025-11-30T01:30,7,74.63333333333331,0.0,0
2025-11-30T01:45,7,60.38957142857142,0.0,0
2025-11-30T02:00,7,59.207285714285725,0.0,0
2025-11-30T02:15,7,68.43333333333334,0.0,0
2025-11-30T02:30,7,35.894400000000005,0.0,0
2025-11-30T02:45,7,46.438428571428574,0.0,0
2025-11-30T03:00,7,76.16392857142856,0.0,0
2025-11-30T03:15,7,78.445,0.0,0
2025-11-30T03:30,7,87.6418,0.0,0
2025-11-30T03:45,7,88.34357142857142,0.0,0
2025-11-30T04:00,7,65.09742857142857,0.0,0
2025-11-30T04:15,7,18.299799999999998,0.0,0
2025-11-30T04:30,7,38.62486666666666,0.0,0
2025-11-30T04:45,7,31.38485714285714,0.0,0
2025-11-30T05:00,7,3.9371428571428573,0.0,0
2025-11-30T05:15,7,-6.544333333333333,0.0,0
2025-11-30T05:30,7,0.026933333333333424,0.0,0
2025-11-30T05:45,7,-3.3620714285714284,0.0,0
2025-11-30T06:00,4,12.784142857142855,0.0,0
2025-11-30T06:15,4,29.7934,0.0,0
2025-11-30T06:30,7,38.38346666666667,0.0,0
2025-11-30T06:45,7,33.50414285714286,0.0,0
2025-11-30T07:00,7,51.79999999999999,0.0,0
2025-11-30T07:15,7,49.643266666666676,0.0,0
2025-11-30T07:30,4,26.937333333333342,0.0,0
2025-11-30T07:45,4,-17.333428571428573,0.0,0
2025-11-30T08:00,7,42.66392857142858,0.0,0
2025-11-30T08:15,7,44.56973333333333,0.0,0
2025-11-30T08:30,7,71.32666666666665,0.0,0
2025-11-30T08:45,7,72.6645714285714,2.0,0
2025-11-30T09:00,7,110.8719285714286,5.0,0
2025-11-30T09:15,7,80.03113333333334,9.0,0
2025-11-30T09:30,4,82.64200000000001,16.0,0
2025-11-30T09:45,4,88.96642857142855,34.0,120
2025-11-30T10:00,0,111.25714285714284,69.0,0
2025-11-30T10:15,0,102.84560000000002,118.0,672
2025-11-30T10:30,7,93.76993333333333,168.0,1764
2025-11-30T10:45,7,68.84771428571428,203.0,2784
2025-11-30T11:00,2,18.55242857142857,221.0,396
2025-11-30T11:15,2,-7.714333333333332,227.0,4032
2025-11-30T11:30,2,-23.692866666666664,230.0,3108
2025-11-30T11:45,2,-32.30685714285714,241.0,4608
2025-11-30T12:00,2,66.10714285714288,256.0,3372
2025-11-30T12:15,2,104.62660000000001,271.0,5196
2025-11-30T12:30,2,106.73179999999999,282.0,1812
2025-11-30T12:45,2,123.57899999999997,285.0,1008
2025-11-30T13:00,4,156.04899999999998,282.0,5640
2025-11-30T13:15,4,163.15153333333333,275.0,3072
2025-11-30T13:30,7,125.27453333333334,265.0,1344
2025-11-30T13:45,7,92.38378571428572,254.0,744
2025-11-30T14:00,2,85.401,242.0,1320
2025-11-30T14:15,2,75.6,228.0,828
2025-11-30T14:30,2,93.09866666666666,211.0,2112
2025-11-30T14:45,2,115.87885714285713,191.0,1188
2025-11-30T15:00,2,104.11999999999999,170.0,684
2025-11-30T15:15,2,99.89066666666669,147.0,2616
2025-11-30T15:30,4,107,122.0,2364
2025-11-30T15:45,4,91.785,93.0,2100
2025-11-30T16:00,7,87.26,64.0,1128
2025-11-30T16:15,7,85.6487333333333,37.0,108
2025-11-30T16:30,7,104.87266666666669,16.0,60
2025-11-30T16:45,7,105.80657142857142,0.0,36
2025-11-30T17:00,7,280.2151428571429,0.0,960
2025-11-30T17:15,7,88.59066666666668,0.0,0
2025-11-30T17:30,2,154.5872666666667,0.0,0
2025-11-30T17:45,2,123.91242857142859,0.0,0
2025-11-30T18:00,0,167.87785714285715,0.0,0
2025-11-30T18:15,0,149.2746666666667,0.0,0
2025-11-30T18:30,0,108.85199999999999,0.0,0
2025-11-30T18:45,0,103.17142857142858,0.0,0
2025-11-30T19:00,0,96.36935714285714,0.0,0
2025-11-30T19:15,0,67.07186666666665,0.0,0
2025-11-30T19:30,0,75.35299999999998,0.0,0
2025-11-30T19:45,0,76.63057142857143,0.0,0
2025-11-30T20:00,0,59.023500000000006,0.0,0
2025-11-30T20:15,0,89.35073333333335,0.0,NA
2025-11-30T20:30,0,91.48660000000001,0.0,0
2025-11-30T20:45,0,80.93371428571429,0.0,0
2025-11-30T21:00,0,77.14142857142858,0.0,0
2025-11-30T21:15,0,81.07646666666666,0.0,0
2025-11-30T21:30,0,74.50073333333334,0.0,0
2025-11-30T21:45,0,79.45407142857142,0.0,0
2025-11-30T22:00,0,126.82385714285712,0.0,0
2025-11-30T22:15,0,111.61613333333334,0.0,0
2025-11-30T22:30,0,115.04113333333335,0.0,0
2025-11-30T22:45,0,113.64521428571429,0.0,0
2025-11-30T23:00,0,156.40864285714287,0.0,NA
2025-11-30T23:15,0,140.27013333333332,0.0,0
2025-11-30T23:30,0,162.71813333333333,0.0,0
2025-11-30T23:45,0,191.30228571428572,0.0,0
2025-12-01T00:00,0,88.81142857142859,0.0,NA
2025-12-01T00:15,0,91.10773333333334,0.0,0
2025-12-01T00:30,0,88.50913333333334,0.0,0
2025-12-01T00:45,0,82.37835714285714,0.0,0
2025-12-01T01:00,0,24.740785714285717,0.0,NA
2025-12-01T01:15,0,75.80206666666666,0.0,0
2025-12-01T01:30,0,83.81666666666668,0.0,0
2025-12-01T01:45,0,77.28999999999999,0.0,0
2025-12-01T02:00,0,77.5,0.0,0
2025-12-01T02:15,0,78.27913333333332,0.0,0
2025-12-01T02:30,0,76.11733333333335,0.0,0
2025-12-01T02:45,0,70.09007142857145,0.0,0
2025-12-01T03:00,0,66.26064285714284,0.0,0
2025-12-01T03:15,0,70.66126666666666,0.0,0
2025-12-01T03:30,0,45.881800000000005,0.0,0
2025-12-01T03:45,0,53.85957142857142,0.0,0
2025-12-01T04:00,0,57.820142857142855,0.0,0
2025-12-01T04:15,0,56.79186666666668,0.0,0
2025-12-01T04:30,0,49,0.0,0
2025-12-01T04:45,0,84.8575,0.0,0
2025-12-01T05:00,7,73.28035714285716,0.0,0
2025-12-01T05:15,7,102.5912,0.0,0
2025-12-01T05:30,8,90.09999999999998,0.0,0
2025-12-01T05:45,8,90.20092857142858,0.0,0
2025-12-01T06:00,7,106.89950000000002,0.0,0
2025-12-01T06:15,7,103.16720000000002,0.0,0
2025-12-01T06:30,0,103.06233333333331,0.0,0
2025-12-01T06:45,0,103.6845,0.0,0
2025-12-01T07:00,7,114.03485714285715,0.0,0
2025-12-01T07:15,7,132.71473333333333,0.0,0
2025-12-01T07:30,NA,122.958,0.0,0
2025-12-01T07:45,NA,117.19978571428571,0.0,0
2025-12-01T08:00,NA,274.1032142857142,0.0,0
2025-12-01T08:15,NA,258.89973333333324,0.0,0
2025-12-01T08:30,NA,105.53873333333331,0.0,0
2025-12-01T08:45,NA,136.3354285714286,2.0,0
2025-12-01T09:00,7,NA,12.0,0
2025-12-01T09:15,7,NA,30.0,60
2025-12-01T09:30,8,NA,52.0,228
2025-12-01T09:45,8,NA,71.0,288
2025-12-01T10:00,7,105.02928571428573,82.0,0
2025-12-01T10:15,7,105.91993333333336,87.0,804
2025-12-01T10:30,7,92.51460000000002,86.0,1176
2025-12-01T10:45,7,67.37792857142857,85.0,1200
2025-12-01T11:00,NA,98.12414285714284,79.0,624
2025-12-01T11:15,NA,78.61533333333335,71.0,1080
2025-12-01T11:30,NA,54.66833333333334,61.0,984
2025-12-01T11:45,NA,65.32142857142857,51.0,1332
2025-12-01T12:00,8,NA,40.0,1788
2025-12-01T12:15,8,NA,30.0,996
2025-12-01T12:30,8,NA,23.0,840
2025-12-01T12:45,8,NA,22.0,876
2025-12-01T13:00,8,78.04107142857143,28.0,1140
2025-12-01T13:15,8,70.404,37.0,1512
2025-12-01T13:30,8,80.93766666666666,44.0,1080
2025-12-01T13:45,8,95.02999999999999,43.0,600
2025-12-01T14:00,8,91.60357142857144,37.0,1308
2025-12-01T14:15,8,96.75873333333332,29.0,456
2025-12-01T14:30,NA,110.30139999999999,22.0,396
2025-12-01T14:45,NA,97.8505714285714,17.0,552
2025-12-01T15:00,NA,105.02499999999999,13.0,408
2025-12-01T15:15,NA,115.88773333333334,9.0,456
2025-12-01T15:30,NA,186.70513333333335,6.0,240
2025-12-01T15:45,NA,100.90907142857142,4.0,216
2025-12-01T16:00,NA,NA,2.0,624
2025-12-01T16:15,NA,NA,1.0,0
2025-12-01T16:30,NA,NA,0.0,0
2025-12-01T16:45,NA,NA,0.0,0
2025-12-01T17:00,NA,NA,0.0,84
2025-12-01T17:15,NA,NA,0.0,0
2025-12-01T17:30,NA,NA,0.0,0
2025-12-01T17:45,NA,NA,0.0,0
2025-12-01T18:00,NA,NA,0.0,0
2025-12-01T18:15,NA,NA,0.0,0
2025-12-01T18:30,NA,NA,0.0,0
2025-12-01T18:45,NA,NA,0.0,0
2025-12-01T19:00,NA,NA,0.0,0
2025-12-01T19:15,NA,NA,0.0,0
2025-12-01T19:30,NA,NA,0.0,0
2025-12-01T19:45,NA,NA,0.0,0
2025-12-01T20:00,NA,NA,0.0,0
2025-12-01T20:15,NA,NA,0.0,NA
2025-12-01T20:30,7,NA,0.0,0
2025-12-01T20:45,7,NA,0.0,0
2025-12-01T21:00,8,NA,0.0,0
2025-12-01T21:15,8,NA,0.0,0
2025-12-01T21:30,7,NA,0.0,0
2025-12-01T21:45,7,NA,0.0,0
2025-12-01T22:00,8,86.51500000000001,0.0,0
2025-12-01T22:15,8,81.16806666666668,0.0,0
2025-12-01T22:30,7,93.69093333333333,0.0,0
2025-12-01T22:45,7,98.02821428571428,0.0,0
2025-12-01T23:00,7,107.20814285714287,0.0,NA
2025-12-01T23:15,7,105.59380000000002,0.0,0
2025-12-01T23:30,7,95.58119999999998,0.0,0
2025-12-01T23:45,7,85.05785714285715,0.0,0
2025-12-02T00:00,7,76.79092857142858,NA,NA
2025-12-02T00:15,7,87.14266666666666,NA,NA
2025-12-02T00:30,7,89.99260000000001,NA,NA
2025-12-02T00:45,7,68.29278571428571,NA,NA
2025-12-02T01:00,8,72.21442857142857,NA,NA
2025-12-02T01:15,8,62.00493333333332,NA,NA
2025-12-02T01:30,8,72.56240000000001,NA,NA
2025-12-02T01:45,8,100.3817142857143,NA,NA
2025-12-02T02:00,8,71.10671428571429,NA,NA
2025-12-02T02:15,8,59.61013333333334,NA,NA
2025-12-02T02:30,8,50.89773333333332,NA,NA
2025-12-02T02:45,8,55.279785714285715,NA,NA
2025-12-02T03:00,7,53.02692857142857,NA,NA
2025-12-02T03:15,7,36.041666666666664,NA,NA
2025-12-02T03:30,8,34.45826666666667,NA,NA
2025-12-02T03:45,8,2.9400714285714287,NA,NA
2025-12-02T04:00,8,53.6365,NA,NA
2025-12-02T04:15,8,61.44533333333334,NA,NA
2025-12-02T04:30,7,53.44666666666665,NA,NA
2025-12-02T04:45,7,57.88785714285715,NA,NA
2025-12-02T05:00,NA,66.61907142857142,NA,NA
2025-12-02T05:15,NA,52.311,NA,NA
2025-12-02T05:30,NA,64.6412,NA,NA
2025-12-02T05:45,NA,52.20000000000001,NA,NA
2025-12-02T06:30,8,NA,NA,NA
2025-12-02T06:45,8,NA,NA,NA
2025-12-02T07:00,7,NA,NA,NA
2025-12-02T07:15,7,NA,NA,NA
2025-12-02T07:30,7,NA,NA,NA
2025-12-02T07:45,7,NA,NA,NA
2025-12-02T08:00,7,222.20228571428575,NA,NA
2025-12-02T08:15,7,133.41866666666667,NA,NA
2025-12-02T08:30,NA,129.15900000000002,NA,NA
2025-12-02T08:45,NA,297.6617857142857,NA,NA
2025-12-02T09:00,NA,208.01742857142858,NA,NA
2025-12-02T09:15,NA,187.5474666666667,NA,NA
2025-12-02T09:30,NA,78.25000000000001,NA,NA
2025-12-02T09:45,NA,99.76564285714288,NA,NA
2025-12-05T00:00,NA,NA,0.0,NA
2025-12-05T00:15,NA,NA,0.0,0
2025-12-05T00:30,NA,NA,0.0,0
2025-12-05T00:45,NA,NA,0.0,0
2025-12-05T01:00,NA,NA,0.0,NA
2025-12-05T01:15,NA,NA,0.0,0
2025-12-05T01:30,NA,NA,0.0,0
2025-12-05T01:45,NA,NA,0.0,0
2025-12-05T02:00,NA,NA,0.0,0
2025-12-05T02:15,NA,NA,0.0,0
2025-12-05T02:30,NA,NA,0.0,0
2025-12-05T02:45,NA,NA,0.0,0
2025-12-05T03:00,NA,NA,0.0,0
2025-12-05T03:15,NA,NA,0.0,0
2025-12-05T03:30,NA,NA,0.0,0
2025-12-05T03:45,NA,NA,0.0,0
2025-12-05T04:00,NA,NA,0.0,0
2025-12-05T04:15,NA,NA,0.0,0
2025-12-05T04:30,NA,NA,0.0,0
2025-12-05T04:45,NA,NA,0.0,0
2025-12-05T05:00,NA,NA,0.0,0
2025-12-05T05:15,NA,NA,0.0,0
2025-12-05T05:30,NA,NA,0.0,0
2025-12-05T05:45,NA,NA,0.0,0
2025-12-05T06:00,NA,NA,0.0,0
2025-12-05T06:15,NA,NA,0.0,0
2025-12-05T06:30,NA,NA,0.0,0
2025-12-05T06:45,NA,NA,0.0,0
2025-12-05T07:00,NA,NA,0.0,0
2025-12-05T07:15,NA,NA,0.0,0
2025-12-05T07:30,NA,NA,0.0,0
2025-12-05T07:45,NA,NA,0.0,0
2025-12-05T08:00,NA,NA,0.0,0
2025-12-05T08:15,NA,NA,0.0,0
2025-12-05T08:30,NA,NA,0.0,0
2025-12-05T08:45,NA,NA,0.0,0
2025-12-05T09:00,NA,NA,4.0,0
2025-12-05T09:15,NA,NA,10.0,144
2025-12-05T09:30,NA,NA,18.0,360
2025-12-05T09:45,NA,NA,28.0,660
2025-12-05T10:00,NA,NA,41.0,24
2025-12-05T10:15,NA,NA,58.0,1476
2025-12-05T10:30,NA,NA,74.0,1956
2025-12-05T10:45,NA,NA,83.0,2544
2025-12-05T11:00,NA,NA,84.0,1044
2025-12-05T11:15,NA,NA,80.0,3528
2025-12-05T11:30,NA,NA,76.0,3720
2025-12-05T11:45,NA,NA,77.0,4464
2025-12-05T12:00,7,NA,83.0,3108
2025-12-05T12:15,7,NA,92.0,5208
2025-12-05T12:30,NA,NA,100.0,5112
2025-12-05T12:45,NA,NA,107.0,5136
2025-12-05T13:00,NA,73.254,113.0,4956
2025-12-05T13:15,NA,71.91366666666667,117.0,5064
2025-12-05T13:30,NA,77.02266666666668,119.0,3096
2025-12-05T13:45,NA,64.33435714285714,115.0,864
2025-12-05T14:00,NA,NA,105.0,5688
2025-12-05T14:15,NA,NA,93.0,1464
2025-12-05T14:30,NA,NA,83.0,768
2025-12-05T14:45,NA,NA,78.0,2988
2025-12-05T15:00,NA,NA,77.0,780
2025-12-05T15:15,NA,NA,75.0,2556
2025-12-05T15:30,2,NA,68.0,888
2025-12-05T15:45,2,NA,53.0,660
2025-12-05T16:00,4,NA,35.0,5880
2025-12-05T16:15,4,NA,19.0,84
2025-12-05T16:30,NA,NA,7.0,24
2025-12-05T16:45,NA,NA,0.0,0
2025-12-05T17:00,7,49.714285714285715,0.0,228
2025-12-05T17:15,7,112.75786666666666,0.0,0
2025-12-05T17:30,8,36,0.0,0
2025-12-05T17:45,8,36,0.0,0
2025-12-05T18:00,8,35.124857142857145,0.0,0
2025-12-05T18:15,8,30.851599999999998,0.0,0
2025-12-05T18:30,7,35.108,0.0,0
2025-12-05T18:45,7,40.18828571428571,0.0,0
2025-12-05T19:00,7,36,0.0,0
2025-12-05T19:15,7,36,0.0,0
2025-12-05T19:30,8,34.72833333333333,0.0,0
2025-12-05T19:45,8,72.85714285714286,0.0,0
2025-12-05T20:00,8,40.642857142857146,0.0,0
2025-12-05T20:15,8,36,0.0,NA
2025-12-05T20:30,7,40.333333333333336,0.0,0
2025-12-05T20:45,7,40.44350000000001,0.0,0
2025-12-05T21:00,7,151.39435714285713,0.0,0
2025-12-05T21:15,7,104.2719333333333,0.0,0
2025-12-05T21:30,8,102.89046666666665,0.0,0
2025-12-05T21:45,8,75.38378571428572,0.0,0
2025-12-05T22:00,8,131.38785714285714,0.0,0
2025-12-05T22:15,8,92.13433333333333,0.0,0
2025-12-05T22:30,8,70.59846666666667,0.0,0
2025-12-05T22:45,8,72.55685714285711,0.0,0
2025-12-05T23:00,8,58.16871428571428,0.0,NA
2025-12-05T23:15,8,56.82579999999999,0.0,0
2025-12-05T23:30,8,98.55606666666668,0.0,0
2025-12-05T23:45,8,84.99157142857143,0.0,0
2025-12-06T00:00,8,61.05257142857141,NA,NA
2025-12-06T00:15,8,72.09500000000001,NA,NA
2025-12-06T00:30,8,68,NA,NA
2025-12-06T00:45,8,64.5,NA,NA
2025-12-06T01:00,8,46.74099999999999,NA,NA
2025-12-06T01:15,8,26.199666666666666,NA,NA
2025-12-06T01:30,8,19.85306666666667,NA,NA
2025-12-06T01:45,8,16.868785714285714,NA,NA
2025-12-06T02:00,8,54.69457142857142,NA,NA
2025-12-06T02:15,8,51.92686666666667,NA,NA
2025-12-06T02:30,8,62.934799999999996,NA,NA
2025-12-06T02:45,8,56.93671428571429,NA,NA
2025-12-06T03:00,8,44.713857142857144,NA,NA
2025-12-06T03:15,8,55,NA,NA
2025-12-06T03:30,7,54.55213333333333,NA,NA
2025-12-06T03:45,7,53.214285714285715,NA,NA
2025-12-06T04:00,8,30.230000000000008,NA,NA
2025-12-06T04:15,8,38.23433333333333,NA,NA
2025-12-06T04:30,8,19.712200000000003,NA,NA
2025-12-06T04:45,8,52.419642857142854,NA,NA
2025-12-06T05:00,8,49.24685714285714,NA,NA
2025-12-06T05:15,8,42.4244,NA,NA
2025-12-06T05:30,8,45.61500000000001,NA,NA
2025-12-06T05:45,8,-14.444500000000001,NA,NA
2025-12-06T06:00,8,47.62042857142857,NA,NA
2025-12-06T06:15,8,21.271399999999996,NA,NA
2025-12-06T06:30,7,34.42293333333334,NA,NA
2025-12-06T06:45,7,17.903,NA,NA
2025-12-06T07:00,7,31.769571428571428,NA,NA
2025-12-06T07:15,7,-38.40546666666666,NA,NA
2025-12-06T07:30,NA,25.382,NA,NA
2025-12-06T07:45,NA,31.545857142857148,NA,NA
2025-12-06T08:00,8,33.67592857142857,NA,NA
2025-12-06T08:15,8,25.582733333333334,NA,NA
2025-12-06T08:30,8,31.05093333333333,NA,NA
2025-12-06T08:45,8,48.34585714285714,NA,NA
2025-12-06T09:00,7,32.11185714285715,NA,NA
2025-12-06T09:15,7,28.002866666666666,NA,NA
2025-12-06T09:30,7,48.57906666666666,NA,NA
2025-12-06T09:45,7,31.61757142857143,NA,NA
2025-12-06T10:00,7,45.469571428571435,NA,NA
2025-12-06T10:15,7,45.65859999999999,NA,NA
2025-12-06T10:30,7,33.50926666666666,NA,NA
2025-12-06T10:45,7,22.807142857142857,NA,NA
2025-12-06T11:00,7,52.664857142857144,NA,NA
2025-12-06T11:15,7,43.25339999999999,NA,NA
2025-12-06T11:30,8,54.9,NA,NA
2025-12-06T11:45,8,51.9375,NA,NA
2025-12-06T12:00,8,55,NA,NA
2025-12-06T12:15,8,55,NA,NA
2025-12-06T12:30,8,56.216533333333345,NA,NA
2025-12-06T12:45,8,55.75542857142857,NA,NA
2025-12-06T13:00,8,43.382214285714284,NA,NA
2025-12-06T13:15,8,57.19166666666665,NA,NA
2025-12-06T13:30,7,21.364133333333335,NA,NA
2025-12-06T13:45,7,18.38485714285714,NA,NA
2025-12-06T14:00,8,34.634,NA,NA
2025-12-06T14:15,8,17.821599999999997,NA,NA
2025-12-06T14:30,7,29.656866666666666,NA,NA
2025-12-06T14:45,7,61.71514285714285,NA,NA
2025-12-06T15:00,8,75.63921428571429,NA,NA
2025-12-06T15:15,8,71.00253333333332,NA,NA
2025-12-06T15:30,8,65.38513333333331,NA,NA
2025-12-06T15:45,8,73.80999999999997,NA,NA
2025-12-06T16:00,8,49,NA,NA
2025-12-06T16:15,8,49.245533333333334,NA,NA
2025-12-06T16:30,NA,46.76199999999999,NA,NA
2025-12-06T16:45,NA,58.48957142857142,NA,NA
2025-12-06T17:00,NA,49.187357142857145,NA,NA
2025-12-06T17:15,NA,44.967533333333336,NA,NA
2025-12-06T17:30,NA,41.56813333333333,NA,NA
2025-12-06T17:45,NA,41.21928571428571,NA,NA
